{
  "rouge": {
    "base": {
      "rouge1_r": 0.4260744637322948,
      "rouge1_f1": 0.316672115182841,
      "rouge2_r": 0.16979656941725502,
      "rouge2_f1": 0.12067871181337984,
      "rougeL_r": 0.326144689698816,
      "rougeL_f1": 0.24223758948503346
    },
    "finetuned": {
      "rouge1_r": 0.5614545923330098,
      "rouge1_f1": 0.41678736829267055,
      "rouge2_r": 0.3321457772437543,
      "rouge2_f1": 0.24453151478022467,
      "rougeL_r": 0.4599958446626154,
      "rougeL_f1": 0.34482031838017185
    },
    "unlearned": {
      "rouge1_r": 0.0,
      "rouge1_f1": 0.0,
      "rouge2_r": 0.0,
      "rouge2_f1": 0.0,
      "rougeL_r": 0.0,
      "rougeL_f1": 0.0
    }
  },
  "activation_distances": {
    "base_vs_finetuned": {
      "cosine": 0.041113898158073425,
      "l2": 13.989392280578613,
      "wasserstein": 0.10949092785105677
    },
    "base_vs_unlearned": {
      "cosine": 0.7489500641822815,
      "l2": 92.34820556640625,
      "wasserstein": 1.5647970322782387
    },
    "finetuned_vs_unlearned": {
      "cosine": 0.7527177929878235,
      "l2": 92.21835327148438,
      "wasserstein": 1.5568753850266512
    }
  }
}