{
  "rouge": {
    "base": {
      "rouge1_r": 0.4286589059490297,
      "rouge1_f1": 0.31304660543001267,
      "rouge2_r": 0.16982361126511847,
      "rouge2_f1": 0.11878336834922947,
      "rougeL_r": 0.3272790494984315,
      "rougeL_f1": 0.23829024819975494
    },
    "finetuned": {
      "rouge1_r": 0.5584332753575427,
      "rouge1_f1": 0.41409644296081666,
      "rouge2_r": 0.3289684353038861,
      "rouge2_f1": 0.24328629954163106,
      "rougeL_r": 0.45670899281135474,
      "rougeL_f1": 0.34157415442404937
    },
    "unlearned": {
      "rouge1_r": 0.07445227466335877,
      "rouge1_f1": 0.025364853520479284,
      "rouge2_r": 0.0067772981353998755,
      "rouge2_f1": 0.0015766205480625334,
      "rougeL_r": 0.06614173151454379,
      "rougeL_f1": 0.022608609947675763
    }
  },
  "activation_distances": {
    "base_vs_finetuned": {
      "cosine": 0.041086338460445404,
      "l2": 13.9878511428833,
      "wasserstein": 0.10967124546314153
    },
    "base_vs_unlearned": {
      "cosine": 0.7830410003662109,
      "l2": 84.86878204345703,
      "wasserstein": 1.0858713562611957
    },
    "finetuned_vs_unlearned": {
      "cosine": 0.786908745765686,
      "l2": 84.64363098144531,
      "wasserstein": 1.0701853049404235
    }
  }
}