{
  "split": "forget10",
  "retain_split": "retain90",
  "n_examples": 40,
  "n_layers": 17,
  "distances_forget": {
    "Baseline": [
      2.4259090423583984e-05,
      0.00037556886672973633,
      0.0008372068405151367,
      0.0013676285743713379,
      0.0032817721366882324,
      0.005307793617248535,
      0.008549988269805908,
      0.010612249374389648,
      0.011607885360717773,
      0.011257648468017578,
      0.016495227813720703,
      0.01209867000579834,
      0.010319113731384277,
      0.009064972400665283,
      0.010744333267211914,
      0.013457059860229492,
      0.04153096675872803
    ],
    "Retrain": [
      -1.1920928955078125e-07,
      5.960464477539063e-08,
      -1.1920928955078125e-07,
      1.1920928955078125e-07,
      -1.1920928955078125e-07,
      0.0,
      1.1920928955078125e-07,
      1.1920928955078125e-07,
      -2.384185791015625e-07,
      0.0,
      0.0,
      5.960464477539063e-08,
      0.0,
      0.0,
      0.0,
      0.0,
      1.1920928955078125e-07
    ],
    "FLOUR": [
      2.5153160095214844e-05,
      0.0006165504455566406,
      0.0014023780822753906,
      0.002823770046234131,
      0.006360650062561035,
      0.016513049602508545,
      0.08862340450286865,
      0.2876114249229431,
      0.7591345310211182,
      0.7375411689281464,
      0.7249730825424194,
      0.6605666279792786,
      0.6007741987705231,
      0.5046517252922058,
      0.3985009789466858,
      0.3601948618888855,
      0.7862204909324646
    ],
    "RMU": [
      2.9981136322021484e-05,
      0.002524733543395996,
      0.006038248538970947,
      0.20721715688705444,
      0.7551393210887909,
      0.874673143029213,
      0.8404510915279388,
      0.9434259161353111,
      1.002230232115835,
      0.8853241503238678,
      1.0249680168926716,
      1.0185253322124481,
      1.0022559612989426,
      0.940947636961937,
      0.7768600434064865,
      0.6227107048034668,
      0.8941816091537476
    ],
    "NPO": [
      2.473592758178711e-05,
      0.003776729106903076,
      0.019114375114440918,
      0.040274858474731445,
      0.05265820026397705,
      0.09725898504257202,
      0.18925011157989502,
      0.17482692003250122,
      0.18778693675994873,
      0.1847737431526184,
      0.16904056072235107,
      0.11719280481338501,
      0.08945828676223755,
      0.08291041851043701,
      0.0656362771987915,
      0.07309210300445557,
      0.2147578001022339
    ],
    "SimNPO": [
      2.4199485778808594e-05,
      0.00042629241943359375,
      0.001157522201538086,
      0.001621246337890625,
      0.003856480121612549,
      0.006963253021240234,
      0.010379493236541748,
      0.013826251029968262,
      0.016571044921875,
      0.017458558082580566,
      0.02335137128829956,
      0.017285585403442383,
      0.015541374683380127,
      0.01662343740463257,
      0.019568681716918945,
      0.03557395935058594,
      0.08232629299163818
    ],
    "GradAscent": [
      0.0016713738441467285,
      0.00186234712600708,
      0.008229613304138184,
      0.022945880889892578,
      0.05086725950241089,
      0.10373032093048096,
      0.2312546968460083,
      0.35642915964126587,
      0.6730539798736572,
      0.6897302865982056,
      0.7875752449035645,
      0.7710676193237305,
      0.8126235604286194,
      0.9308739677071571,
      0.9459062367677689,
      0.8414475619792938,
      0.87176513671875
    ]
  },
  "distances_retain": {
    "Baseline": [
      1.0728836059570312e-06,
      0.00033295154571533203,
      0.0007970333099365234,
      0.0012100934982299805,
      0.001961648464202881,
      0.003440558910369873,
      0.004855155944824219,
      0.00552600622177124,
      0.006545543670654297,
      0.006079554557800293,
      0.007604360580444336,
      0.006370186805725098,
      0.005183815956115723,
      0.005149245262145996,
      0.004655718803405762,
      0.0038739442825317383,
      0.01557236909866333
    ],
    "Retrain": [
      0.0,
      5.960464477539063e-08,
      1.7881393432617188e-07,
      2.384185791015625e-07,
      2.384185791015625e-07,
      0.0,
      1.1920928955078125e-07,
      5.960464477539063e-08,
      1.1920928955078125e-07,
      0.0,
      -1.1920928955078125e-07,
      0.0,
      0.0,
      -1.1920928955078125e-07,
      0.0,
      -1.1920928955078125e-07,
      1.1920928955078125e-07
    ],
    "FLOUR": [
      1.8477439880371094e-06,
      0.0005682110786437988,
      0.00131148099899292,
      0.002170085906982422,
      0.0034098029136657715,
      0.008033037185668945,
      0.02086043357849121,
      0.04043036699295044,
      0.02413719892501831,
      0.016710102558135986,
      0.014778435230255127,
      0.011417388916015625,
      0.009147405624389648,
      0.00863194465637207,
      0.007229864597320557,
      0.006063342094421387,
      0.02256143093109131
    ],
    "RMU": [
      1.2099742889404297e-05,
      0.002268075942993164,
      0.00478971004486084,
      0.0075386762619018555,
      0.0070909857749938965,
      0.01173621416091919,
      0.01558375358581543,
      0.02128434181213379,
      0.007614612579345703,
      0.006983816623687744,
      0.008683562278747559,
      0.007438778877258301,
      0.006281614303588867,
      0.0065076351165771484,
      0.00587618350982666,
      0.007655143737792969,
      0.02844136953353882
    ],
    "NPO": [
      3.4570693969726562e-06,
      0.0037780404090881348,
      0.018779098987579346,
      0.034846723079681396,
      0.044103264808654785,
      0.08489835262298584,
      0.17997342348098755,
      0.16671788692474365,
      0.1670590043067932,
      0.16236591339111328,
      0.1636403203010559,
      0.116138756275177,
      0.0869830846786499,
      0.08201360702514648,
      0.06080019474029541,
      0.07861340045928955,
      0.20132040977478027
    ],
    "SimNPO": [
      1.1920928955078125e-06,
      0.0004018545150756836,
      0.0011074542999267578,
      0.001405477523803711,
      0.0025568008422851562,
      0.005302309989929199,
      0.006879150867462158,
      0.007538974285125732,
      0.009463965892791748,
      0.00988924503326416,
      0.010564684867858887,
      0.008733153343200684,
      0.007715284824371338,
      0.007601141929626465,
      0.007111072540283203,
      0.013024747371673584,
      0.0315055251121521
    ],
    "GradAscent": [
      0.0009043216705322266,
      0.001757204532623291,
      0.008074402809143066,
      0.020281553268432617,
      0.04399394989013672,
      0.09082365036010742,
      0.21624165773391724,
      0.34368395805358887,
      0.6809040606021881,
      0.683285653591156,
      0.7787889242172241,
      0.7532779574394226,
      0.7970382273197174,
      0.8900803774595261,
      0.8936741203069687,
      0.7828506529331207,
      0.8626193106174469
    ]
  },
  "methods": [
    "Baseline",
    "Retrain",
    "FLOUR",
    "RMU",
    "NPO",
    "SimNPO",
    "GradAscent"
  ]
}