{
  "split": "forget01",
  "retain_split": "retain99",
  "n_examples": 40,
  "n_layers": 17,
  "distances_forget": {
    "Baseline": [
      1.895427703857422e-05,
      0.00029075145721435547,
      0.0006189346313476562,
      0.0010222792625427246,
      0.0024430155754089355,
      0.004965364933013916,
      0.005967199802398682,
      0.007674038410186768,
      0.009291291236877441,
      0.010451674461364746,
      0.01569467782974243,
      0.012072563171386719,
      0.010546565055847168,
      0.009613275527954102,
      0.010489821434020996,
      0.013973236083984375,
      0.04078608751296997
    ],
    "Retrain": [
      -1.1920928955078125e-07,
      -2.384185791015625e-07,
      -2.384185791015625e-07,
      0.0,
      -1.1920928955078125e-07,
      -1.1920928955078125e-07,
      0.0,
      1.1920928955078125e-07,
      0.0,
      0.0,
      -1.1920928955078125e-07,
      1.1920928955078125e-07,
      1.1920928955078125e-07,
      0.0,
      -1.1920928955078125e-07,
      -1.1920928955078125e-07,
      -3.5762786865234375e-07
    ],
    "FLOUR": [
      2.0503997802734375e-05,
      0.000981450080871582,
      0.002026379108428955,
      0.003771841526031494,
      0.00953298807144165,
      0.035676538944244385,
      0.13198703527450562,
      0.3141438961029053,
      0.532599151134491,
      0.5398262441158295,
      0.511057585477829,
      0.4621584415435791,
      0.38992786407470703,
      0.3359096646308899,
      0.26234161853790283,
      0.23609602451324463,
      0.43335503339767456
    ],
    "RMU": [
      1.9550323486328125e-05,
      0.0013146400451660156,
      0.008873522281646729,
      0.049806177616119385,
      0.3384210467338562,
      0.6527614891529083,
      0.6978084743022919,
      0.7801937460899353,
      0.555598795413971,
      0.4669516682624817,
      0.4905622601509094,
      0.494484543800354,
      0.33262133598327637,
      0.2802695035934448,
      0.23494291305541992,
      0.19076687097549438,
      0.35653191804885864
    ],
    "NPO": [
      1.811981201171875e-05,
      0.0005934834480285645,
      0.0025260448455810547,
      0.005094051361083984,
      0.012015342712402344,
      0.02264648675918579,
      0.03089052438735962,
      0.03212940692901611,
      0.03783506155014038,
      0.043889522552490234,
      0.053220152854919434,
      0.04735296964645386,
      0.041008591651916504,
      0.040613651275634766,
      0.03607773780822754,
      0.049587249755859375,
      0.13893818855285645
    ],
    "SimNPO": [
      1.895427703857422e-05,
      0.00030624866485595703,
      0.0006399154663085938,
      0.0012877583503723145,
      0.002939581871032715,
      0.005339264869689941,
      0.006448686122894287,
      0.008752822875976562,
      0.012515246868133545,
      0.015902698040008545,
      0.022132039070129395,
      0.01774466037750244,
      0.016994595527648926,
      0.018552303314208984,
      0.01845729351043701,
      0.032466769218444824,
      0.07133889198303223
    ],
    "GradAscent": [
      1.7642974853515625e-05,
      0.000591278076171875,
      0.002986431121826172,
      0.008495450019836426,
      0.01627516746520996,
      0.04980713129043579,
      0.11314547061920166,
      0.13204944133758545,
      0.18798744678497314,
      0.2208113670349121,
      0.253412127494812,
      0.20607000589370728,
      0.18718022108078003,
      0.22273093461990356,
      0.2028014063835144,
      0.31902623176574707,
      0.48423564434051514
    ]
  },
  "distances_retain": {
    "Baseline": [
      9.5367431640625e-07,
      0.00024580955505371094,
      0.000558018684387207,
      0.0008786916732788086,
      0.0016420483589172363,
      0.0027649998664855957,
      0.0038045644760131836,
      0.004157423973083496,
      0.004518270492553711,
      0.004009425640106201,
      0.005717873573303223,
      0.004338741302490234,
      0.00345766544342041,
      0.003010988235473633,
      0.0028930306434631348,
      0.0029429197311401367,
      0.011009693145751953
    ],
    "Retrain": [
      -1.1920928955078125e-07,
      1.1920928955078125e-07,
      0.0,
      -1.1920928955078125e-07,
      -1.1920928955078125e-07,
      -2.384185791015625e-07,
      -1.1920928955078125e-07,
      0.0,
      0.0,
      0.0,
      2.384185791015625e-07,
      0.0,
      0.0,
      0.0,
      0.0,
      1.1920928955078125e-07,
      0.0
    ],
    "FLOUR": [
      1.4901161193847656e-06,
      0.0008720159530639648,
      0.0016564726829528809,
      0.0029048919677734375,
      0.005402505397796631,
      0.014011740684509277,
      0.032748401165008545,
      0.06039160490036011,
      0.14222997426986694,
      0.10367774963378906,
      0.06903326511383057,
      0.04863131046295166,
      0.027849018573760986,
      0.02199113368988037,
      0.015426874160766602,
      0.01359248161315918,
      0.03807133436203003
    ],
    "RMU": [
      1.3113021850585938e-06,
      0.000831305980682373,
      0.004702329635620117,
      0.016939878463745117,
      0.04116719961166382,
      0.06114494800567627,
      0.07551121711730957,
      0.0699303150177002,
      0.10421139001846313,
      0.07175099849700928,
      0.06804561614990234,
      0.05110651254653931,
      0.041126370429992676,
      0.036778807640075684,
      0.02601337432861328,
      0.023301124572753906,
      0.06150925159454346
    ],
    "NPO": [
      1.3709068298339844e-06,
      0.0004927515983581543,
      0.0021092891693115234,
      0.003309011459350586,
      0.005553603172302246,
      0.00802844762802124,
      0.01588153839111328,
      0.017859458923339844,
      0.02241891622543335,
      0.025769412517547607,
      0.03471267223358154,
      0.031489670276641846,
      0.028151214122772217,
      0.03206735849380493,
      0.0271683931350708,
      0.03927874565124512,
      0.12363874912261963
    ],
    "SimNPO": [
      9.5367431640625e-07,
      0.0002740025520324707,
      0.0005866289138793945,
      0.0013068914413452148,
      0.0024085044860839844,
      0.003302276134490967,
      0.004900932312011719,
      0.005721449851989746,
      0.008066177368164062,
      0.008212268352508545,
      0.009467899799346924,
      0.00702214241027832,
      0.006747543811798096,
      0.007685244083404541,
      0.006601154804229736,
      0.012956380844116211,
      0.027756690979003906
    ],
    "GradAscent": [
      1.4901161193847656e-06,
      0.0005004405975341797,
      0.002682328224182129,
      0.006593465805053711,
      0.010777294635772705,
      0.03338497877120972,
      0.09040522575378418,
      0.1045159101486206,
      0.15558385848999023,
      0.16566896438598633,
      0.17802757024765015,
      0.14304357767105103,
      0.1363580822944641,
      0.16097837686538696,
      0.14310503005981445,
      0.2680964469909668,
      0.4585573673248291
    ]
  },
  "methods": [
    "Baseline",
    "Retrain",
    "FLOUR",
    "RMU",
    "NPO",
    "SimNPO",
    "GradAscent"
  ]
}